{
  "code": 0,
  "data": [
    [1778803200, "0"],
    [1778889600, "0"],
    [1778976000, "0"],
    [1779062400, "0"],
    [1779148800, "0"],
    [1779235200, "0"],
    [1779321600, "0"],
    [1779408000, "0"],
    [1779494400, "0"],
    [1779580800, "0"],
    [1779667200, "0"],
    [1779753600, "0"],
    [1779840000, "0"],
    [1779926400, "0"],
    [1780012800, "0"],
    [1780099200, "0"],
    [1780185600, "0"],
    [1780272000, "0"],
    [1780358400, "0"],
    [1780444800, "0"],
    [1780531200, "57.5"],
    [1780617600, "415.26745391"],
    [1780704000, "748.47585248"],
    [1780790400, "393.20356084"],
    [1780876800, "1019.14898935"],
    [1780963200, "1492.22878936"],
    [1781049600, "3280.59879326"],
    [1781136000, "3220.03274368"],
    [1781222400, "3212.76470368"]
  ],
  "message": "Success"
}
