{
  "code": 0,
  "data": [
    [1778803200, "0", "0", "0"],
    [1778889600, "0", "0", "0"],
    [1778976000, "0", "0", "0"],
    [1779062400, "0", "0", "0"],
    [1779148800, "0", "0", "0"],
    [1779235200, "0", "0", "0"],
    [1779321600, "0", "0", "0"],
    [1779408000, "0", "0", "0"],
    [1779494400, "0", "0", "0"],
    [1779580800, "0", "0", "0"],
    [1779667200, "0", "0", "0"],
    [1779753600, "0", "0", "0"],
    [1779840000, "0", "0", "0"],
    [1779926400, "0", "0", "0"],
    [1780012800, "0", "0", "0"],
    [1780099200, "0", "0", "0"],
    [1780185600, "0", "0", "0"],
    [1780272000, "0", "0", "0"],
    [1780358400, "0", "0", "0"],
    [1780444800, "0", "0", "0"],
    [1780531200, "0", "0", "0"],
    [1780617600, "15.4365626", "13.16041015", "28.59697275"],
    [1780704000, "24.93039832", "32.32537711", "57.25577543"],
    [1780790400, "15.36554949", "7.05024626", "22.41579575"],
    [1780876800, "17.07249549", "12.62287666", "29.69537215"],
    [1780963200, "26.07657929", "-4.37070916", "21.70587013"],
    [1781049600, "28.88501669", "31.13379464", "60.01881133"],
    [1781136000, "22.57409883", "-147.94085387", "-125.36675504"],
    [1781222400, "25.13641088", "-91.71145708", "-66.5750462"]
  ],
  "message": "Success"
}
