{
  "success": true,
  "code": 0,
  "message": "",
  "data": {
    "time": [
      1778688000000, 1778774400000, 1778860800000, 1778947200000, 1779033600000, 1779120000000,
      1779206400000, 1779292800000, 1779379200000, 1779465600000, 1779552000000, 1779638400000,
      1779724800000, 1779811200000, 1779897600000, 1779984000000, 1780070400000, 1780156800000,
      1780243200000, 1780329600000, 1780416000000, 1780502400000, 1780588800000, 1780675200000,
      1780761600000, 1780848000000, 1780934400000, 1781020800000, 1781107200000, 1781193600000
    ],
    "pnl": [
      -1155.3274, 621.2435, 288.18385, 339.95396, -149.75936, -149.75936, -149.75936, -228.41936,
      -270.37136, 233.03464, 7.20764, -262.84036, 323.26814, 851.67784, 1115.95884, 1649.02874,
      1319.16674, 713.74874, 2360.50774, 2649.99954, 2245.07834, 1966.15974, -154.86926, 140.33974,
      1846.48054, 2016.18814, 1737.75534, 1797.13294, 2170.77784, 2431.95904
    ],
    "roi": [
      -1, 1.0264, 0.2908, 0.3147, -0.1386, -0.1386, -0.1386, -0.201, -0.2379, 0.1517, 0.0043,
      -0.1589, 0.1529, 0.3211, 0.3955, 0.5426, 0.4184, 0.224, 0.6938, 0.7557, 0.6316, 0.5348,
      -0.0403, 0.0365, 0.4814, 0.5257, 0.4531, 0.4685, 0.5073, 0.5684
    ]
  }
}
