{
  "success": true,
  "code": 0,
  "message": "",
  "data": {
    "time": [
      1778688000000, 1778774400000, 1778860800000, 1778947200000, 1779033600000, 1779120000000,
      1779206400000, 1779292800000, 1779379200000, 1779465600000, 1779552000000, 1779638400000,
      1779724800000, 1779811200000, 1779897600000, 1779984000000, 1780070400000, 1780156800000,
      1780243200000, 1780329600000, 1780416000000, 1780502400000, 1780588800000, 1780675200000,
      1780761600000, 1780848000000, 1780934400000, 1781020800000, 1781107200000, 1781193600000
    ],
    "pnl": [
      -1155.3274, 1776.5709, -333.05965, 51.77011, -489.71332, 0, 0, -78.66, -41.952, 503.406,
      -225.827, -270.048, 586.1085, 528.4097, 264.281, 533.0699, -329.862, -605.418, 1646.759,
      289.4918, -404.9212, -278.9186, -2121.029, 295.209, 1706.1408, 169.7076, -278.4328, 59.3776,
      373.6449, 261.1812
    ],
    "roi": []
  }
}
