{
  "code": 200,
  "data": {
    "x": [
      1773417600000, 1773504000000, 1773590400000, 1773676800000, 1773763200000, 1773849600000,
      1773936000000, 1774022400000, 1774108800000, 1774195200000, 1774281600000, 1774368000000,
      1774454400000, 1774540800000, 1774627200000, 1774713600000, 1774800000000, 1774886400000,
      1774972800000, 1775059200000, 1775145600000, 1775232000000, 1775318400000, 1775404800000,
      1775491200000, 1775577600000, 1775664000000, 1775750400000, 1775836800000, 1775923200000,
      1776009600000, 1776096000000, 1776182400000, 1776268800000, 1776355200000, 1776441600000,
      1776528000000, 1776614400000, 1776700800000, 1776787200000, 1776873600000, 1776960000000,
      1777046400000, 1777132800000, 1777219200000, 1777305600000, 1777392000000, 1777478400000,
      1777564800000, 1777651200000, 1777737600000, 1777824000000, 1777910400000, 1777996800000,
      1778083200000, 1778169600000, 1778256000000, 1778342400000, 1778428800000, 1778515200000,
      1778601600000, 1778688000000, 1778774400000, 1778860800000, 1778947200000, 1779033600000,
      1779120000000, 1779206400000, 1779292800000, 1779379200000, 1779465600000, 1779552000000,
      1779638400000, 1779724800000, 1779811200000, 1779897600000, 1779984000000, 1780070400000,
      1780156800000, 1780243200000, 1780329600000, 1780416000000, 1780502400000, 1780588800000,
      1780675200000, 1780761600000, 1780848000000, 1780934400000, 1781020800000, 1781107200000
    ],
    "y": [
      "163.409335",
      "0.000000",
      "-4061.966446",
      "-6274.058306",
      "6538.794853",
      "-124.264476",
      "418.603437",
      "19.499142",
      "-587.375114",
      "2276.762334",
      "17.042276",
      "45.165720",
      "35.473899",
      "-540.054782",
      "1452.409359",
      "-1384.737088",
      "3001.335097",
      "1492.426679",
      "0.000000",
      "321.725693",
      "84.279831",
      "0.000000",
      "0.000000",
      "-81.060080",
      "1287.430922",
      "1059.644660",
      "111.424195",
      "0.000000",
      "0.000000",
      "648.579858",
      "-57.105942",
      "719.805168",
      "3403.428223",
      "298.043375",
      "-1737.718848",
      "2246.511056",
      "0.000000",
      "536.695190",
      "0.000000",
      "142.372771",
      "1002.916019",
      "0.000000",
      "0.000000",
      "0.000000",
      "0.000000",
      "230.449722",
      "262.272566",
      "2082.060197",
      "0.000000",
      "0.000000",
      "0.000000",
      "85.292589",
      "817.973228",
      "2447.417380",
      "157.254314",
      "223.568042",
      "1.364922",
      "0.000000",
      "0.000000",
      "-174.688686",
      "-352.446741",
      "1537.812992",
      "247.582751",
      "-3425.076904",
      "831.756939",
      "-10139.401891",
      "257.615500",
      "2802.274865",
      "-462.781555",
      "-1414.908009",
      "-9461.797889",
      "0.000000",
      "0.000000",
      "0.000000",
      "1475.628311",
      "-4387.670466",
      "5273.588659",
      "879.407734",
      "-69.380480",
      "-1724.858753",
      "173.274345",
      "6792.880436",
      "7284.825983",
      "0.000000",
      "0.000000",
      "0.000000",
      "178.720387",
      "375.014676",
      "169.147435",
      "67.450129"
    ]
  },
  "success": true
}
